{
	"name": {
		"translate": "notenoughheroes.suitset.blitzkrieg"
	},
	
	"creative_tab": "notenoughheroes",
	
	"armor_material": {
		"durability": 18,
		"damage_reduction_amounts": [2, 5, 6, 2],
		"enchantibility": 8,
		"toughness": 0.0,
		"sound": "item.armor.equip_generic"
	},
	
	"data": {
		"trail": {
			"red": 1,
			"green": 0.2,
			"blue": 0
		},
		"speed_levels": 5
	},
	
	"effects": [
		{
			"type": "name_change",
			"name": {
				"text": "???"
			},
			"conditions": [
				{
					"type": "not",
					"conditions": [
						{
							"type": "open_armor",
							"slot": "helmet"
						}
					]
				}
			]
		}
	],
	
	"abilities": {
		"suit_ring": {
			"ability": "speedsterheroes:suit_ring"
		}
	},
	
	"armor_parts": {
	
		"head": {
			"openable": true,
			"glow": false,
			"name": {
				"translate": "notenoughheroes.suitset.blitzkrieg.head"
			},
			"textures": {
				"normal": "notenoughheroes:textures/models/armor/blitzkrieg/helmet.png",
				"normal_open": "notenoughheroes:textures/models/armor/blitzkrieg/helmet_open.png"
			},
			"item_texture": {
				"blockstate": "notenoughheroes:blitzkrieg_suit"
			}
		},
		
		"chest": {
			"openable": false,
			"glow": false,
			"name": {
				"translate": "notenoughheroes.suitset.blitzkrieg.chestplate"
			},
			"textures": {
				"normal": "notenoughheroes:textures/models/armor/blitzkrieg/chestplate.png",
				"normal_smallarms": "notenoughheroes:textures/models/armor/blitzkrieg/chestplate_smallarms.png"
			},
			"item_texture": {
				"blockstate": "notenoughheroes:blitzkrieg_suit"
			}
		},
		
		"legs": {
			"openable": false,
			"glow": false,
			"name": {
				"translate": "notenoughheroes.suitset.blitzkrieg.legs"
			},
			"textures": {
				"normal": "notenoughheroes:textures/models/armor/blitzkrieg/legs.png"
			},
			"item_texture": {
				"blockstate": "notenoughheroes:blitzkrieg_suit"
			}
		},
		
		"feet": {
			"openable": false,
			"glow": false,
			"name": {
				"translate": "notenoughheroes.suitset.blitzkrieg.boots"
			},
			"textures": {
				"normal": "notenoughheroes:textures/models/armor/blitzkrieg/boots.png"
			},
			"item_texture": {
				"blockstate": "notenoughheroes:blitzkrieg_suit"
			}
		}
	}
}