{
	"parent": "heroesexpansion:falcon",
	
	"conditions": [
		{
			"type": "forge:mod_loaded",
			"modid": "heroesexpansion"
		}
	],
	
	"name": {
		"translate": "notenoughheroes.suitset.captain_america_falcon"
	},
	
	"description": {
		"translate": "notenoughheroes.suitset.captain_america_falcon.desc"
	},
	
	"creative_tab": "notenoughheroes",
	
	"armor_material": {
		"durability": 33,
		"damage_reduction_amounts": [3, 6, 8, 3],
		"enchantibility": 10,
		"toughness": 2.0,
		"sound": "item.armor.equip_chain"
	},
	
	"data": {
		"use_energy": false,
		"use_durability": true,
		"elytra_particles": false,
		"wing_texture": "notenoughheroes:textures/models/armor/captain_america_falcon/wings.png"
	},
	
	"armor_parts": {
	
		"head": {
			"openable": true,
			"glow": false,
			"name": {
				"translate": "notenoughheroes.suitset.captain_america_falcon.head"
			},
			"textures": {
				"normal": "notenoughheroes:textures/models/armor/captain_america_falcon/helmet.png",
				"normal_open": "notenoughheroes:textures/models/armor/captain_america_falcon/helmet_open.png"
			},
			"item_texture": {
				"blockstate": "notenoughheroes:captain_america_falcon_suit"
			}
		},
		
		"chest": {
			"openable": false,
			"glow": false,
			"name": {
				"translate": "notenoughheroes.suitset.captain_america_falcon.chestplate"
			},
			"textures": {
				"normal": "notenoughheroes:textures/models/armor/captain_america_falcon/chestplate.png",
				"normal_smallarms": "notenoughheroes:textures/models/armor/captain_america_falcon/chestplate_smallarms.png"
			},
			"item_texture": {
				"blockstate": "notenoughheroes:captain_america_falcon_suit"
			}
		},
		
		"legs": {
			"openable": false,
			"glow": false,
			"name": {
				"translate": "notenoughheroes.suitset.captain_america_falcon.legs"
			},
			"textures": {
				"normal": "notenoughheroes:textures/models/armor/captain_america_falcon/legs.png"
			},
			"item_texture": {
				"blockstate": "notenoughheroes:captain_america_falcon_suit"
			}
		},
		
		"feet": {
			"openable": false,
			"glow": false,
			"name": {
				"translate": "notenoughheroes.suitset.captain_america_falcon.boots"
			},
			"textures": {
				"normal": "notenoughheroes:textures/models/armor/captain_america_falcon/boots.png"
			},
			"item_texture": {
				"blockstate": "notenoughheroes:captain_america_falcon_suit"
			}
		}
	}
}