{
	"name": {
		"translate": "notenoughheroes.suitset.captain_marvel_kree"
	},
	
	"data": {
		"kree_hybrid_multiplier": 2
	},
	
	"creative_tab": "notenoughheroes",
	
	"armor_material": {
		"durability": 33,
		"damage_reduction_amounts": [3, 6, 8, 3],
		"enchantibility": 10,
		"toughness": 2.0,
		"sound": "item.armor.equip_leather"
	},
	
	"armor_parts": {
		
		"head": {
			"openable": true,
			"glow": false,
			"name": {
				"translate": "notenoughheroes.suitset.captain_marvel_kree.head"
			},
			"textures": {
				"normal": "notenoughheroes:textures/models/armor/captain_marvel_kree/helmet.png",
				"normal_open": "notenoughheroes:textures/models/armor/captain_marvel_kree/helmet_open.png"
			},
			"item_texture": {
				"blockstate": "notenoughheroes:captain_marvel_kree_suit"
			}
		},
		
		"chest": {
			"openable": false,
			"glow": false,
			"name": {
				"translate": "notenoughheroes.suitset.captain_marvel_kree.chestplate"
			},
			"textures": {
				"normal": "notenoughheroes:textures/models/armor/captain_marvel_kree/chestplate.png",
				"normal_smallarms": "notenoughheroes:textures/models/armor/captain_marvel_kree/chestplate_smallarms.png"
			},
			"item_texture": {
				"blockstate": "notenoughheroes:captain_marvel_kree_suit"
			}
		},
		
		"legs": {
			"openable": false,
			"glow": false,
			"name": {
				"translate": "notenoughheroes.suitset.captain_marvel_kree.legs"
			},
			"textures": {
				"normal": "notenoughheroes:textures/models/armor/captain_marvel_kree/legs.png"
			},
			"item_texture": {
				"blockstate": "notenoughheroes:captain_marvel_kree_suit"
			}
		},
		
		"feet": {
			"openable": false,
			"glow": false,
			"name": {
				"translate": "notenoughheroes.suitset.captain_marvel_kree.boots"
			},
			"textures": {
				"normal": "notenoughheroes:textures/models/armor/captain_marvel_kree/boots.png"
			},
			"item_texture": {
				"blockstate": "notenoughheroes:captain_marvel_kree_suit"
			}
		}
	}
}