{
	"name": {
		"translate": "notenoughheroes.suitset.reverse_flash"
	},
	
	"description": {
		"translate": "notenoughheroes.suitset.reverse_flash.desc"
	},
	
	"creative_tab": "notenoughheroes",
	
	"armor_material": {
		"durability": 18,
		"damage_reduction_amounts": [2, 5, 6, 2],
		"enchantibility": 8,
		"toughness": 0.0,
		"sound": "item.armor.equip_generic"
	},
	
	"data": {
		"trail": {
			"red": 1,
			"green": 0,
			"blue": 0
		},
		"flicker": {
			"red": 1,
			"green": 0,
			"blue": 0
		},
		"speed_levels": 7
	},

	"abilities": {
		"suit_ring": {
			"ability": "speedsterheroes:suit_ring"
		}
	},

	"effects": [
		{
			"type": "vibrating",
			"conditions": [
				{
					"type": "ability_enabled",
					"ability": "speedsterheroes:super_speed"
				}
			]
		},
		{
			"type": "name_change",
			"name": {
				"text": "???"
			},
			"conditions": [
				{
					"type": "not",
					"conditions": [
						{
							"type": "open_armor",
							"slot": "helmet"
						}
					]
				}
			]
		}
	],

	"armor_parts": {
	
		"head": {
			"openable": true,
			"glow": true,
			"name": {
				"translate": "notenoughheroes.suitset.reverse_flash.head"
			},
			"textures": {
				"normal": "notenoughheroes:textures/models/armor/reverse_flash/helmet.png",
				"normal_open": "notenoughheroes:textures/models/armor/reverse_flash/helmet_open.png",
				"glow": "notenoughheroes:textures/models/armor/reverse_flash/helmet_lights.png",
				"glow_open": "notenoughheroes:textures/models/armor/reverse_flash/helmet_open_lights.png"
			},
			"item_texture": {
				"blockstate": "notenoughheroes:reverse_flash_suit"
			}
		},
		
		"chest": {
			"openable": false,
			"glow": false,
			"name": {
				"translate": "notenoughheroes.suitset.reverse_flash.chestplate"
			},
			"textures": {
				"normal": "notenoughheroes:textures/models/armor/reverse_flash/chestplate.png",
				"normal_smallarms": "notenoughheroes:textures/models/armor/reverse_flash/chestplate_smallarms.png"
			},
			"item_texture": {
				"blockstate": "notenoughheroes:reverse_flash_suit"
			}
		},
		
		"legs": {
			"openable": false,
			"glow": false,
			"name": {
				"translate": "notenoughheroes.suitset.reverse_flash.legs"
			},
			"textures": {
				"normal": "notenoughheroes:textures/models/armor/reverse_flash/legs.png"
			},
			"item_texture": {
				"blockstate": "notenoughheroes:reverse_flash_suit"
			}
		},
		
		"feet": {
			"openable": false,
			"glow": false,
			"name": {
				"translate": "notenoughheroes.suitset.reverse_flash.boots"
			},
			"textures": {
				"normal": "notenoughheroes:textures/models/armor/reverse_flash/boots.png"
			},
			"item_texture": {
				"blockstate": "notenoughheroes:reverse_flash_suit"
			}
		}
	}
}