{
	"name": {
		"translate": "notenoughheroes.suitset.spider-man_miles_morales"
	},
	
	"description": {
		"translate": "notenoughheroes.suitset.spider-man_miles_morales.desc"
	},
	
	"creative_tab": "notenoughheroes",
	
	"armor_material": {
		"durability": 33,
		"damage_reduction_amounts": [3, 6, 8, 3],
		"enchantibility": 10,
		"toughness": 2.0,
		"sound": "item.armor.equip_leather"
	},
	
	"data": {
		"spider_sense": true
	},
	
	"effects": [
		{
			"type": "name_change",
			"name": {
				"text": "???"
			}
		}
	],
	
	"abilities": {
		"invisibility": {
			"ability": "lucraftcore:invisibility",
			"cooldown": 100
		}
	},
	
	"armor_parts": {
	
		"head": {
			"openable": true,
			"glow": false,
			"name": {
				"translate": "notenoughheroes.suitset.spider-man_miles_morales.head"
			},
			"textures": {
				"normal": "notenoughheroes:textures/models/armor/spider-man_miles_morales/helmet.png",
				"normal_open": "notenoughheroes:textures/models/armor/spider-man_miles_morales/helmet_open.png"
			},
			"item_texture": {
				"blockstate": "notenoughheroes:spider-man_miles_morales_suit"
			}
		},
		
		"chest": {
			"openable": false,
			"glow": false,
			"name": {
				"translate": "notenoughheroes.suitset.spider-man_miles_morales.chestplate"
			},
			"textures": {
				"normal": "notenoughheroes:textures/models/armor/spider-man_miles_morales/chestplate.png",
				"normal_smallarms": "notenoughheroes:textures/models/armor/spider-man_miles_morales/chestplate_smallarms.png"
			},
			"item_texture": {
				"blockstate": "notenoughheroes:spider-man_miles_morales_suit"
			}
		},
		
		"legs": {
			"openable": false,
			"glow": false,
			"name": {
				"translate": "notenoughheroes.suitset.spider-man_miles_morales.legs"
			},
			"textures": {
				"normal": "notenoughheroes:textures/models/armor/spider-man_miles_morales/legs.png"
			},
			"item_texture": {
				"blockstate": "notenoughheroes:spider-man_miles_morales_suit"
			}
		},
		
		"feet": {
			"openable": false,
			"glow": false,
			"name": {
				"translate": "notenoughheroes.suitset.spider-man_miles_morales.boots"
			},
			"textures": {
				"normal": "notenoughheroes:textures/models/armor/spider-man_miles_morales/boots.png"
			},
			"item_texture": {
				"blockstate": "notenoughheroes:spider-man_miles_morales_suit"
			}
		}
	}
}