[
  {
    "ingredient": {
      "type": "forge:ore_dict",
      "ore": "dyeBlack"
    },
    "name": "DYEBLACK"
  },
  {
    "ingredient": {
      "type": "forge:ore_dict",
      "ore": "dyeRed"
    },
    "name": "DYERED"
  },
  {
    "ingredient": {
      "type": "forge:ore_dict",
      "ore": "dyeBlue"
    },
    "name": "DYEBLUE"
  },
  {
    "ingredient": {
      "type": "forge:ore_dict",
      "ore": "dyeGray"
    },
    "name": "DYEGRAY"
  },
  {
    "ingredient": {
      "type": "forge:ore_dict",
      "ore": "dyeGray"
    },
    "name": "DYEYELLOW"
  },
  {
    "ingredient": {
      "type": "forge:ore_dict",
      "ore": "dyeCyan"
    },
    "name": "DYECYAN"
  },
  {
    "ingredient": {
      "type": "forge:ore_dict",
      "ore": "dyeLightGray"
    },
    "name": "DYELIGHTGRAY"
  },
  {
    "ingredient": {
      "type": "forge:ore_dict",
      "ore": "dyePurple"
    },
    "name": "DYEPURPLE"
  },
  {
    "ingredient": {
      "type": "forge:ore_dict",
      "ore": "dyeGreen"
    },
    "name": "DYEGREEN"
  },
  {
    "ingredient": {
      "type": "forge:ore_dict",
      "ore": "dyeWhite"
    },
    "name": "DYEWHITE"
  },
  {
    "ingredient": {
      "type": "forge:ore_dict",
      "ore": "ingotGold"
    },
    "name": "INGOTGOLD"
  },
  {
    "ingredient": {
      "type": "forge:ore_dict",
      "ore": "ingotIron"
    },
    "name": "INGOTIRON"
  },
  {
    "ingredient": {
      "type": "forge:ore_dict",
      "ore": "plateGold"
    },
    "name": "PLATEGOLD"
  },
  {
    "ingredient": {
      "type": "forge:ore_dict",
      "ore": "dustGlowstone"
    },
    "name": "DUSTGLOWSTONE"
  }
]