{

  "type": "lucraftcore:recolor",
  
  "group": "notenoughheroes:captain_america_falcon",

  "result": {
    "item": "notenoughheroes:captain_america_falcon_chest"
  },

  "original": "heroesexpansion:falcon_chest",

  "ingredients": [
    {
      "item": "#DYEBLUE"
    },
    {
      "item": "#DYERED"
    }
  ],

  "conditions": [
    {
      "item": "notenoughheroes:captain_america_falcon_chest",
      "type": "minecraft:item_exists"
    },
    {
      "item": "heroesexpansion:falcon_chest",
      "type": "minecraft:item_exists"
    }
  ]

}