{

  "type": "lucraftcore:recolor",
  
  "group": "notenoughheroes:captain_america_falcon_back",

  "result": {
    "item": "heroesexpansion:falcon_boots"
  },

  "original": "notenoughheroes:captain_america_falcon_boots",

  "ingredients": [
    {
      "item": "#DYEGRAY"
    },
    {
      "item": "#DYERED"
    }
  ],

  "conditions": [
    {
      "item": "notenoughheroes:captain_america_falcon_boots",
      "type": "minecraft:item_exists"
    },
    {
      "item": "heroesexpansion:falcon_boots",
      "type": "minecraft:item_exists"
    }
  ]

}