{

  "type": "lucraftcore:recolor",
  
  "group": "notenoughheroes:captain_marvel_kree_back",

  "result": {
    "item": "heroesexpansion:captain_marvel_boots"
  },

  "original": "notenoughheroes:captain_marvel_kree_boots",

  "ingredients": [
    {
      "item": "#DYERED"
    },
    {
      "item": "#DYEBLUE"
    }
  ],

  "conditions": [
    {
      "item": "notenoughheroes:captain_marvel_kree_boots",
      "type": "minecraft:item_exists"
    },
    {
      "item": "heroesexpansion:captain_marvel_boots",
      "type": "minecraft:item_exists"
    }
  ]

}