{

  "type": "lucraftcore:recolor",
  
  "group": "notenoughheroes:hawkeye",

  "result": {
    "item": "notenoughheroes:hawkeye_legs"
  },

  "original": "heroesexpansion:green_arrow_legs",

  "ingredients": [
    {
      "item": "#DYEGRAY"
    },
    {
      "item": "#DYEPURPLE"
    }
  ],

  "conditions": [
    {
      "item": "notenoughheroes:hawkeye_legs",
      "type": "minecraft:item_exists"
    },
    {
      "item": "heroesexpansion:green_arrow_legs",
      "type": "minecraft:item_exists"
    }
  ]

}