{

  "type": "lucraftcore:recolor",

  "group": "notenoughheroes:spider-man_upgraded_back",
  
  "result": {
    "item": "heroesexpansion:spider_man_legs"
  },

  "original": "notenoughheroes:spider-man_upgraded_legs",

  "ingredients": [
    {
      "item": "#DYEBLUE"
    },
    {
      "item": "#DYERED"
    }
  ],

  "conditions": [
    {
      "item": "notenoughheroes:spider-man_upgraded_legs",
      "type": "minecraft:item_exists"
    },
    {
      "item": "heroesexpansion:spider_man_legs",
      "type": "minecraft:item_exists"
    }
  ]

}