{

  "type": "lucraftcore:recolor",

  "group": "notenoughheroes:spider-man_noir",
  
  "result": {
    "item": "notenoughheroes:spider-man_noir_boots"
  },

  "original": "heroesexpansion:spider_man_boots",

  "ingredients": [
    {
      "item": "#DYEBLACK"
    },
    {
      "item": "#DYEBLACK"
    }
  ],

  "conditions": [
    {
      "item": "notenoughheroes:spider-man_noir_boots",
      "type": "minecraft:item_exists"
    },
    {
      "item": "heroesexpansion:spider_man_boots",
      "type": "minecraft:item_exists"
    }
  ]

}