{

  "type": "lucraftcore:recolor",

  "group": "notenoughheroes:spider-man_miles_morales",
  
  "result": {
    "item": "notenoughheroes:spider-man_miles_morales_legs"
  },

  "original": "heroesexpansion:spider_man_legs",

  "ingredients": [
    {
      "item": "#DYEBLACK"
    },
    {
      "item": "#DYERED"
    }
  ],

  "conditions": [
    {
      "item": "notenoughheroes:spider-man_miles_morales_legs",
      "type": "minecraft:item_exists"
    },
    {
      "item": "heroesexpansion:spider_man_legs",
      "type": "minecraft:item_exists"
    }
  ]

}